{
    "43": {
        "latency_s": 26.326507036807016,
        "reward": 0.0
    },
    "35": {
        "latency_s": 26.37795486790128,
        "reward": 0.0
    },
    "42": {
        "latency_s": 30.515989175066352,
        "reward": 0.0
    },
    "34": {
        "latency_s": 30.895950442180037,
        "reward": 0.0
    },
    "19": {
        "latency_s": 32.237949813948944,
        "reward": 0.0
    },
    "27": {
        "latency_s": 32.23573692329228,
        "reward": 0.0
    },
    "26": {
        "latency_s": 35.53008170705289,
        "reward": 0.0
    },
    "7": {
        "latency_s": 36.74835102073848,
        "reward": 0.0
    },
    "6": {
        "latency_s": 39.27244621422142,
        "reward": 0.0
    },
    "52": {
        "latency_s": 39.26064417604357,
        "reward": 0.0
    },
    "25": {
        "latency_s": 40.147128817858174,
        "reward": 0.0
    },
    "38": {
        "latency_s": 40.22247968800366,
        "reward": 0.0
    },
    "28": {
        "latency_s": 40.447514104889706,
        "reward": 0.0
    },
    "48": {
        "latency_s": 41.43972831778228,
        "reward": 0.0
    },
    "4": {
        "latency_s": 42.22060917969793,
        "reward": 0.0
    },
    "15": {
        "latency_s": 49.32055295910686,
        "reward": 0.0
    },
    "21": {
        "latency_s": 50.98182329698466,
        "reward": 0.0
    },
    "46": {
        "latency_s": 52.00766968796961,
        "reward": 0.0
    },
    "8": {
        "latency_s": 53.825760652078316,
        "reward": 0.0
    },
    "18": {
        "latency_s": 53.85977923613973,
        "reward": 0.0
    },
    "10": {
        "latency_s": 54.179454047000036,
        "reward": 0.0
    },
    "24": {
        "latency_s": 58.40161809884012,
        "reward": 0.0
    },
    "59": {
        "latency_s": 58.78913416294381,
        "reward": 0.0
    },
    "9": {
        "latency_s": 62.704151733079925,
        "reward": 0.0
    },
    "37": {
        "latency_s": 62.67763906600885,
        "reward": 0.0
    },
    "36": {
        "latency_s": 62.74955880804919,
        "reward": 0.0
    },
    "23": {
        "latency_s": 64.53665434313007,
        "reward": 0.0
    },
    "49": {
        "latency_s": 64.63169764308259,
        "reward": 0.0
    },
    "53": {
        "latency_s": 65.20153671712615,
        "reward": 0.0
    },
    "14": {
        "latency_s": 66.10594262299128,
        "reward": 0.0
    },
    "41": {
        "latency_s": 68.08216185402125,
        "reward": 0.0
    },
    "16": {
        "latency_s": 72.44843631400727,
        "reward": 0.0
    },
    "33": {
        "latency_s": 76.49136106902733,
        "reward": 0.0
    },
    "12": {
        "latency_s": 76.96688596485183,
        "reward": 0.0
    },
    "30": {
        "latency_s": 77.69704545615241,
        "reward": 0.0
    },
    "20": {
        "latency_s": 78.05438784207217,
        "reward": 0.0
    },
    "45": {
        "latency_s": 78.49138707807288,
        "reward": 0.0
    },
    "40": {
        "latency_s": 79.32915063900873,
        "reward": 0.0
    },
    "17": {
        "latency_s": 80.1109293338377,
        "reward": 0.0
    },
    "2": {
        "latency_s": 16.06324881594628,
        "reward": 0.0
    },
    "58": {
        "latency_s": 81.79750971100293,
        "reward": 0.0
    },
    "47": {
        "latency_s": 82.63099518697709,
        "reward": 0.0
    },
    "3": {
        "latency_s": 25.663608597125858,
        "reward": 0.0
    },
    "32": {
        "latency_s": 83.98342246888205,
        "reward": 0.0
    },
    "44": {
        "latency_s": 84.94732138887048,
        "reward": 0.0
    },
    "13": {
        "latency_s": 85.40566421323456,
        "reward": 0.0
    },
    "1": {
        "latency_s": 25.502461716067046,
        "reward": 0.0
    },
    "5": {
        "latency_s": 85.56320289196447,
        "reward": 0.0
    },
    "31": {
        "latency_s": 85.80090430099517,
        "reward": 0.0
    },
    "22": {
        "latency_s": 88.57657500123605,
        "reward": 0.0
    },
    "0": {
        "latency_s": 15.771234136074781,
        "reward": 0.0
    },
    "39": {
        "latency_s": 88.75922751729377,
        "reward": 0.0
    },
    "54": {
        "latency_s": 88.88866724795662,
        "reward": 0.0
    },
    "11": {
        "latency_s": 89.81669583613984,
        "reward": 0.0
    },
    "50": {
        "latency_s": 90.31067987694405,
        "reward": 0.0
    },
    "55": {
        "latency_s": 91.63498415984213,
        "reward": 0.0
    },
    "29": {
        "latency_s": 95.37644928693771,
        "reward": 0.0
    },
    "51": {
        "latency_s": 97.62216931488365,
        "reward": 0.0
    },
    "57": {
        "latency_s": 97.82875938201323,
        "reward": 0.0
    },
    "56": {
        "latency_s": 99.09439296973869,
        "reward": 0.0
    }
}