{
    "1": {
        "latency_s": 14.146104086656123,
        "reward": 0.0
    },
    "15": {
        "latency_s": 4.862789974082261,
        "reward": 0.0
    },
    "10": {
        "latency_s": 11.884664026554674,
        "reward": 0.0
    },
    "18": {
        "latency_s": 9.919875517021865,
        "reward": 0.0
    },
    "17": {
        "latency_s": 11.103224772959948,
        "reward": 0.0
    },
    "11": {
        "latency_s": 9.41385038010776,
        "reward": 0.0
    },
    "7": {
        "latency_s": 13.333677725866437,
        "reward": 0.0
    },
    "0": {
        "latency_s": 17.75736966310069,
        "reward": 0.0
    },
    "3": {
        "latency_s": 16.211307351011783,
        "reward": 0.0
    },
    "5": {
        "latency_s": 11.832405026070774,
        "reward": 0.0
    },
    "4": {
        "latency_s": 8.721380648203194,
        "reward": 0.0
    },
    "13": {
        "latency_s": 10.931617147754878,
        "reward": 0.0
    },
    "12": {
        "latency_s": 7.106949429959059,
        "reward": 0.0
    },
    "9": {
        "latency_s": 14.982274869922549,
        "reward": 0.0
    },
    "8": {
        "latency_s": 18.750132631044835,
        "reward": 0.0
    },
    "16": {
        "latency_s": 15.79128138255328,
        "reward": 0.0
    },
    "19": {
        "latency_s": 10.515414585359395,
        "reward": 0.0
    },
    "14": {
        "latency_s": 16.39982928102836,
        "reward": 0.0
    },
    "2": {
        "latency_s": 20.665731735993177,
        "reward": 0.0
    },
    "6": {
        "latency_s": 12.30091666802764,
        "reward": 0.0
    }
}