{
    "0": {
        "latency_s": 8.778566631954163,
        "reward": 0.0
    },
    "3": {
        "latency_s": 9.313455120194703,
        "reward": 0.0
    },
    "2": {
        "latency_s": 12.500323326792568,
        "reward": 0.0
    },
    "1": {
        "latency_s": 14.233647800050676,
        "reward": 0.0
    }
}