{
    "4": {
        "latency_s": 13.39016467705369,
        "reward": 0.0
    },
    "0": {
        "latency_s": 12.352014732081443,
        "reward": 0.0
    },
    "3": {
        "latency_s": 6.772489621769637,
        "reward": 0.0
    },
    "2": {
        "latency_s": 8.390120084397495,
        "reward": 0.0
    },
    "1": {
        "latency_s": 9.44054452702403,
        "reward": 0.0
    }
}