{
    "2": {
        "latency_s": 7.409866290632635,
        "reward": 0.0
    },
    "8": {
        "latency_s": 52.61219843290746,
        "reward": 0.0
    },
    "13": {
        "latency_s": 52.704527107067406,
        "reward": 0.0
    },
    "34": {
        "latency_s": 52.64546984806657,
        "reward": 0.0
    },
    "42": {
        "latency_s": 53.579632211942226,
        "reward": 0.0
    },
    "26": {
        "latency_s": 53.957738175056875,
        "reward": 0.0
    },
    "20": {
        "latency_s": 54.475288338027894,
        "reward": 0.0
    },
    "44": {
        "latency_s": 54.398407655768096,
        "reward": 0.0
    },
    "41": {
        "latency_s": 55.53437660075724,
        "reward": 0.0
    },
    "32": {
        "latency_s": 55.571027752012014,
        "reward": 0.0
    },
    "48": {
        "latency_s": 56.374531818088144,
        "reward": 0.0
    },
    "19": {
        "latency_s": 56.65407836297527,
        "reward": 0.0
    },
    "59": {
        "latency_s": 56.50280258292332,
        "reward": 0.0
    },
    "30": {
        "latency_s": 57.27097687404603,
        "reward": 0.0
    },
    "29": {
        "latency_s": 57.93427916103974,
        "reward": 0.0
    },
    "35": {
        "latency_s": 57.93484730925411,
        "reward": 0.0
    },
    "46": {
        "latency_s": 58.050348709803075,
        "reward": 0.0
    },
    "5": {
        "latency_s": 11.655811147764325,
        "reward": 0.0
    },
    "31": {
        "latency_s": 59.123515805229545,
        "reward": 0.0
    },
    "51": {
        "latency_s": 59.04536806605756,
        "reward": 0.0
    },
    "0": {
        "latency_s": 14.004838792141527,
        "reward": 0.0
    },
    "40": {
        "latency_s": 61.10865510022268,
        "reward": 0.0
    },
    "56": {
        "latency_s": 61.798996007069945,
        "reward": 0.0
    },
    "11": {
        "latency_s": 62.07691293023527,
        "reward": 0.0
    },
    "7": {
        "latency_s": 16.60536809777841,
        "reward": 0.0
    },
    "36": {
        "latency_s": 62.11395351681858,
        "reward": 0.0
    },
    "65": {
        "latency_s": 62.00555922323838,
        "reward": 0.0
    },
    "39": {
        "latency_s": 66.1482131513767,
        "reward": 0.0
    },
    "75": {
        "latency_s": 66.0340393986553,
        "reward": 0.0
    },
    "10": {
        "latency_s": 67.78993385704234,
        "reward": 0.0
    },
    "27": {
        "latency_s": 68.78830865910277,
        "reward": 0.0
    },
    "62": {
        "latency_s": 69.00619571097195,
        "reward": 0.0
    },
    "9": {
        "latency_s": 69.20747462520376,
        "reward": 0.0
    },
    "23": {
        "latency_s": 69.603796237614,
        "reward": 0.0
    },
    "67": {
        "latency_s": 69.46041479706764,
        "reward": 0.0
    },
    "33": {
        "latency_s": 70.15549086779356,
        "reward": 0.0
    },
    "21": {
        "latency_s": 70.88693896727636,
        "reward": 0.0
    },
    "70": {
        "latency_s": 72.30991682875901,
        "reward": 0.0
    },
    "16": {
        "latency_s": 73.19555337773636,
        "reward": 0.0
    },
    "43": {
        "latency_s": 73.22481180913746,
        "reward": 0.0
    },
    "4": {
        "latency_s": 12.220601142849773,
        "reward": 0.0
    },
    "81": {
        "latency_s": 73.73509777057916,
        "reward": 0.0
    },
    "47": {
        "latency_s": 73.91769841033965,
        "reward": 0.0
    },
    "50": {
        "latency_s": 73.91959502594545,
        "reward": 0.0
    },
    "17": {
        "latency_s": 76.00211718305945,
        "reward": 0.0
    },
    "68": {
        "latency_s": 77.41136063681915,
        "reward": 0.0
    },
    "22": {
        "latency_s": 77.59900298481807,
        "reward": 0.0
    },
    "53": {
        "latency_s": 77.47894735308364,
        "reward": 0.0
    },
    "78": {
        "latency_s": 77.42098776903003,
        "reward": 0.0
    },
    "15": {
        "latency_s": 80.6381710441783,
        "reward": 0.0
    },
    "71": {
        "latency_s": 80.44588624313474,
        "reward": 0.0
    },
    "63": {
        "latency_s": 82.58735803700984,
        "reward": 0.0
    },
    "38": {
        "latency_s": 82.69047383824363,
        "reward": 0.0
    },
    "79": {
        "latency_s": 82.56376368412748,
        "reward": 0.0
    },
    "123": {
        "latency_s": 83.04474125569686,
        "reward": 0.0
    },
    "52": {
        "latency_s": 83.93928686715662,
        "reward": 0.0
    },
    "92": {
        "latency_s": 85.35573666915298,
        "reward": 0.0
    },
    "25": {
        "latency_s": 85.60727048199624,
        "reward": 0.0
    },
    "12": {
        "latency_s": 85.67358467914164,
        "reward": 0.0
    },
    "58": {
        "latency_s": 86.33889422286302,
        "reward": 0.0
    },
    "54": {
        "latency_s": 88.35924237081781,
        "reward": 0.0
    },
    "89": {
        "latency_s": 88.26891899388283,
        "reward": 0.0
    },
    "66": {
        "latency_s": 88.35605027712882,
        "reward": 0.0
    },
    "6": {
        "latency_s": 19.852240663953125,
        "reward": 0.0
    },
    "73": {
        "latency_s": 90.1512844930403,
        "reward": 0.0
    },
    "98": {
        "latency_s": 90.09957725740969,
        "reward": 0.0
    },
    "107": {
        "latency_s": 90.08159306040034,
        "reward": 0.0
    },
    "3": {
        "latency_s": 10.002948910929263,
        "reward": 0.0
    },
    "82": {
        "latency_s": 92.00944203976542,
        "reward": 0.0
    },
    "94": {
        "latency_s": 91.96813862677664,
        "reward": 0.0
    },
    "57": {
        "latency_s": 92.09822893003002,
        "reward": 0.0
    },
    "61": {
        "latency_s": 92.59933700691909,
        "reward": 0.0
    },
    "69": {
        "latency_s": 92.58501110598445,
        "reward": 0.0
    },
    "28": {
        "latency_s": 93.18998778099194,
        "reward": 0.0
    },
    "102": {
        "latency_s": 92.92509049689397,
        "reward": 0.0
    },
    "110": {
        "latency_s": 92.90090016881004,
        "reward": 0.0
    },
    "88": {
        "latency_s": 92.99085063533857,
        "reward": 0.0
    },
    "60": {
        "latency_s": 93.09699281491339,
        "reward": 0.0
    },
    "77": {
        "latency_s": 93.60758061660454,
        "reward": 0.0
    },
    "120": {
        "latency_s": 93.97208197880536,
        "reward": 0.0
    },
    "101": {
        "latency_s": 94.2138410252519,
        "reward": 0.0
    },
    "64": {
        "latency_s": 94.34858456067741,
        "reward": 0.0
    },
    "116": {
        "latency_s": 95.1511321682483,
        "reward": 0.0
    },
    "90": {
        "latency_s": 95.25115424860269,
        "reward": 0.0
    },
    "76": {
        "latency_s": 95.82789546670392,
        "reward": 0.0
    },
    "49": {
        "latency_s": 97.58995722979307,
        "reward": 0.0
    },
    "112": {
        "latency_s": 97.37506891274825,
        "reward": 0.0
    },
    "100": {
        "latency_s": 97.9394488078542,
        "reward": 0.0
    },
    "115": {
        "latency_s": 97.88817642861977,
        "reward": 0.0
    },
    "99": {
        "latency_s": 98.16742141265422,
        "reward": 0.0
    },
    "128": {
        "latency_s": 99.23185288580135,
        "reward": 0.0
    },
    "137": {
        "latency_s": 99.32983705820516,
        "reward": 0.0
    },
    "84": {
        "latency_s": 100.04132713610306,
        "reward": 0.0
    },
    "134": {
        "latency_s": 100.2041729381308,
        "reward": 0.0
    },
    "119": {
        "latency_s": 100.89192988816649,
        "reward": 0.0
    },
    "96": {
        "latency_s": 103.17223611474037,
        "reward": 0.0
    },
    "104": {
        "latency_s": 103.14742360915989,
        "reward": 0.0
    },
    "157": {
        "latency_s": 102.63019500207156,
        "reward": 0.0
    },