{
    "17": {
        "latency_s": 18.81182688800618,
        "reward": 0.0
    },
    "43": {
        "latency_s": 28.29227440012619,
        "reward": 0.0
    },
    "48": {
        "latency_s": 31.20493764197454,
        "reward": 0.0
    },
    "26": {
        "latency_s": 31.341218838002533,
        "reward": 0.0
    },
    "27": {
        "latency_s": 32.7010731829796,
        "reward": 0.0
    },
    "49": {
        "latency_s": 32.62025952618569,
        "reward": 0.0
    },
    "41": {
        "latency_s": 32.82659099600278,
        "reward": 0.0
    },
    "7": {
        "latency_s": 34.020368503872305,
        "reward": 0.0
    },
    "38": {
        "latency_s": 35.980303513119,
        "reward": 0.0
    },
    "10": {
        "latency_s": 36.52300237095915,
        "reward": 0.0
    },
    "23": {
        "latency_s": 39.96031882590614,
        "reward": 0.0
    },
    "29": {
        "latency_s": 47.2069357088767,
        "reward": 0.0
    },
    "9": {
        "latency_s": 48.50240232003853,
        "reward": 0.0
    },
    "34": {
        "latency_s": 48.66204816708341,
        "reward": 0.0
    },
    "53": {
        "latency_s": 49.74667890393175,
        "reward": 0.0
    },
    "1": {
        "latency_s": 5.207142472965643,
        "reward": 0.0
    },
    "0": {
        "latency_s": 8.342720621963963,
        "reward": 0.0
    },
    "18": {
        "latency_s": 55.31271459395066,
        "reward": 0.0
    },
    "15": {
        "latency_s": 58.8818826621864,
        "reward": 0.0
    },
    "6": {
        "latency_s": 45.527059187879786,
        "reward": 0.0
    },
    "59": {
        "latency_s": 59.0868679441046,
        "reward": 0.0
    },
    "13": {
        "latency_s": 59.78770472900942,
        "reward": 0.0
    },
    "36": {
        "latency_s": 59.96909520588815,
        "reward": 0.0
    },
    "35": {
        "latency_s": 62.69511144608259,
        "reward": 0.0
    },
    "14": {
        "latency_s": 63.464330162853,
        "reward": 0.0
    },
    "19": {
        "latency_s": 65.14891139091924,
        "reward": 0.0
    },
    "42": {
        "latency_s": 67.6392640338745,
        "reward": 0.0
    },
    "20": {
        "latency_s": 71.42436844902113,
        "reward": 0.0
    },
    "39": {
        "latency_s": 71.56436164700426,
        "reward": 0.0
    },
    "31": {
        "latency_s": 71.59728768491186,
        "reward": 0.0
    },
    "30": {
        "latency_s": 73.63881731312722,
        "reward": 0.0
    },
    "8": {
        "latency_s": 74.05875763692893,
        "reward": 0.0
    },
    "47": {
        "latency_s": 77.67443069606088,
        "reward": 0.0
    },
    "12": {
        "latency_s": 78.9875910282135,
        "reward": 0.0
    },
    "50": {
        "latency_s": 79.27391820587218,
        "reward": 0.0
    },
    "21": {
        "latency_s": 80.54582075099461,
        "reward": 0.0
    },
    "40": {
        "latency_s": 81.7588103020098,
        "reward": 0.0
    },
    "25": {
        "latency_s": 82.27232015598565,
        "reward": 0.0
    },
    "52": {
        "latency_s": 82.40401464584284,
        "reward": 0.0
    },
    "54": {
        "latency_s": 82.53211674606428,
        "reward": 0.0
    },
    "16": {
        "latency_s": 83.98293080413714,
        "reward": 0.0
    },
    "24": {
        "latency_s": 83.9682348750066,
        "reward": 0.0
    },
    "28": {
        "latency_s": 84.19603333994746,
        "reward": 0.0
    },
    "2": {
        "latency_s": 52.18721956014633,
        "reward": 0.0
    },
    "5": {
        "latency_s": 23.500809760997072,
        "reward": 0.0
    },
    "4": {
        "latency_s": 34.84481455408968,
        "reward": 0.0
    },
    "22": {
        "latency_s": 89.978001129115,
        "reward": 0.0
    },
    "56": {
        "latency_s": 90.98401656886563,
        "reward": 0.0
    },
    "46": {
        "latency_s": 91.05788828805089,
        "reward": 0.0
    },
    "3": {
        "latency_s": 42.291988915996626,
        "reward": 0.0
    },
    "51": {
        "latency_s": 92.3060910468921,
        "reward": 0.0
    },
    "45": {
        "latency_s": 93.05611809110269,
        "reward": 0.0
    },
    "33": {
        "latency_s": 93.18414376908913,
        "reward": 0.0
    },
    "57": {
        "latency_s": 93.54460598900914,
        "reward": 0.0
    },
    "58": {
        "latency_s": 94.7520481098909,
        "reward": 0.0
    },
    "37": {
        "latency_s": 95.0485446320381,
        "reward": 0.0
    },
    "44": {
        "latency_s": 95.03685588599183,
        "reward": 0.0
    },
    "32": {
        "latency_s": 95.19659556495026,
        "reward": 0.0
    },
    "55": {
        "latency_s": 96.10855162912048,
        "reward": 0.0
    },
    "11": {
        "latency_s": 143.6141237700358,
        "reward": 0.0
    }
}