{
    "30": {
        "latency_s": 1.0513540380634367,
        "reward": 0.0
    },
    "16": {
        "latency_s": 1.2400171277113259,
        "reward": 0.0
    },
    "43": {
        "latency_s": 1.120156860910356,
        "reward": 0.0
    },
    "18": {
        "latency_s": 1.0344336270354688,
        "reward": 0.0
    },
    "17": {
        "latency_s": 1.1884693717584014,
        "reward": 0.0
    },
    "34": {
        "latency_s": 1.3324455572292209,
        "reward": 0.0
    },
    "5": {
        "latency_s": 0.6674916367046535,
        "reward": 0.0
    },
    "4": {
        "latency_s": 0.6185430567711592,
        "reward": 0.0
    },
    "20": {
        "latency_s": 1.540448032785207,
        "reward": 0.0
    },
    "10": {
        "latency_s": 1.0054176184348762,
        "reward": 0.0
    },
    "1": {
        "latency_s": 0.8320120670832694,
        "reward": 0.0
    },
    "31": {
        "latency_s": 1.6858302848413587,
        "reward": 0.0
    },
    "45": {
        "latency_s": 1.6946335518732667,
        "reward": 0.0
    },
    "6": {
        "latency_s": 0.7663397178985178,
        "reward": 0.0
    },
    "42": {
        "latency_s": 1.83029084187001,
        "reward": 0.0
    },
    "46": {
        "latency_s": 1.8663614219985902,
        "reward": 0.0
    },
    "32": {
        "latency_s": 1.9702025926671922,
        "reward": 0.0
    },
    "8": {
        "latency_s": 0.5051905130967498,
        "reward": 0.0
    },
    "3": {
        "latency_s": 0.7235702918842435,
        "reward": 0.0
    },
    "27": {
        "latency_s": 2.1540855560451746,
        "reward": 0.0
    },
    "33": {
        "latency_s": 2.193834374193102,
        "reward": 0.0
    },
    "22": {
        "latency_s": 2.281592628918588,
        "reward": 0.0
    },
    "38": {
        "latency_s": 2.296568983234465,
        "reward": 0.0
    },
    "12": {
        "latency_s": 1.099601178895682,
        "reward": 0.0
    },
    "40": {
        "latency_s": 2.423049131873995,
        "reward": 0.0
    },
    "7": {
        "latency_s": 0.40384995797649026,
        "reward": 0.0
    },
    "2": {
        "latency_s": 0.46899686800315976,
        "reward": 0.0
    },
    "37": {
        "latency_s": 2.6097984621301293,
        "reward": 0.0
    },
    "35": {
        "latency_s": 2.674040402751416,
        "reward": 0.0
    },
    "14": {
        "latency_s": 1.345553819090128,
        "reward": 0.0
    },
    "28": {
        "latency_s": 2.8091043611057103,
        "reward": 0.0
    },
    "48": {
        "latency_s": 2.799250253010541,
        "reward": 0.0
    },
    "36": {
        "latency_s": 2.913885394576937,
        "reward": 0.0
    },
    "21": {
        "latency_s": 3.0105085410177708,
        "reward": 0.0
    },
    "41": {
        "latency_s": 3.0104826111346483,
        "reward": 0.0
    },
    "39": {
        "latency_s": 3.073892220854759,
        "reward": 0.0
    },
    "25": {
        "latency_s": 3.1668843417428434,
        "reward": 0.0
    },
    "26": {
        "latency_s": 3.2204210571944714,
        "reward": 0.0
    },
    "29": {
        "latency_s": 3.2679002792574465,
        "reward": 0.0
    },
    "23": {
        "latency_s": 3.3447796278633177,
        "reward": 0.0
    },
    "52": {
        "latency_s": 3.3137457058764994,
        "reward": 0.0
    },
    "53": {
        "latency_s": 3.3671039529144764,
        "reward": 0.0
    },
    "13": {
        "latency_s": 1.2998427329584956,
        "reward": 0.0
    },
    "47": {
        "latency_s": 3.4961708788760006,
        "reward": 0.0
    },
    "15": {
        "latency_s": 0.8898159139789641,
        "reward": 0.0
    },
    "69": {
        "latency_s": 3.560297697316855,
        "reward": 0.0
    },
    "65": {
        "latency_s": 3.6288844039663672,
        "reward": 0.0
    },
    "50": {
        "latency_s": 3.727904523257166,
        "reward": 0.0
    },
    "63": {
        "latency_s": 3.7475218600593507,
        "reward": 0.0
    },
    "60": {
        "latency_s": 3.8136192178353667,
        "reward": 0.0
    },
    "55": {
        "latency_s": 3.886848052032292,
        "reward": 0.0
    },
    "62": {
        "latency_s": 3.9225680050440133,
        "reward": 0.0
    },
    "64": {
        "latency_s": 3.973336048889905,
        "reward": 0.0
    },
    "24": {
        "latency_s": 4.149421474896371,
        "reward": 0.0
    },
    "0": {
        "latency_s": 0.37040385231375694,
        "reward": 0.0
    },
    "66": {
        "latency_s": 4.138641827739775,
        "reward": 0.0
    },
    "68": {
        "latency_s": 4.191357168368995,
        "reward": 0.0
    },
    "11": {
        "latency_s": 1.150597816798836,
        "reward": 0.0
    },
    "19": {
        "latency_s": 0.9294577399268746,
        "reward": 0.0
    },
    "59": {
        "latency_s": 4.401745708659291,
        "reward": 0.0
    },
    "49": {
        "latency_s": 4.485344705171883,
        "reward": 0.0
    },
    "61": {
        "latency_s": 4.512108630035073,
        "reward": 0.0
    },
    "56": {
        "latency_s": 4.586011928040534,
        "reward": 0.0
    },
    "70": {
        "latency_s": 4.606357038021088,
        "reward": 0.0
    },
    "57": {
        "latency_s": 4.701326729729772,
        "reward": 0.0
    },
    "44": {
        "latency_s": 4.797470696736127,
        "reward": 0.0
    },
    "71": {
        "latency_s": 4.861115038860589,
        "reward": 0.0
    },
    "58": {
        "latency_s": 4.953843652736396,
        "reward": 0.0
    },
    "83": {
        "latency_s": 4.941986826714128,
        "reward": 0.0
    },
    "74": {
        "latency_s": 5.028539771679789,
        "reward": 0.0
    },
    "90": {
        "latency_s": 5.038557224906981,
        "reward": 0.0
    },
    "80": {
        "latency_s": 5.1284789512865245,
        "reward": 0.0
    },
    "77": {
        "latency_s": 5.1956219198182225,
        "reward": 0.0
    },
    "9": {
        "latency_s": 0.554014666005969,
        "reward": 0.0
    },
    "75": {
        "latency_s": 5.580147539731115,
        "reward": 0.0
    },
    "94": {
        "latency_s": 5.578024019021541,
        "reward": 0.0
    },
    "88": {
        "latency_s": 5.652567457873374,
        "reward": 0.0
    },
    "86": {
        "latency_s": 5.7136420593596995,
        "reward": 0.0
    },
    "96": {
        "latency_s": 5.738065547775477,
        "reward": 0.0
    },
    "87": {
        "latency_s": 5.8356759166345,
        "reward": 0.0
    },
    "81": {
        "latency_s": 5.908247204031795,
        "reward": 0.0
    },
    "97": {
        "latency_s": 5.9156145439483225,
        "reward": 0.0
    },
    "93": {
        "latency_s": 5.983211365062743,
        "reward": 0.0
    },
    "95": {
        "latency_s": 6.036507258191705,
        "reward": 0.0
    },
    "92": {
        "latency_s": 6.101865354925394,
        "reward": 0.0
    },
    "89": {
        "latency_s": 6.169561625923961,
        "reward": 0.0
    },
    "72": {
        "latency_s": 6.273927776142955,
        "reward": 0.0
    },
    "85": {
        "latency_s": 6.291660973336548,
        "reward": 0.0
    },
    "67": {
        "latency_s": 6.397132373880595,
        "reward": 0.0
    },
    "73": {
        "latency_s": 6.436267578974366,
        "reward": 0.0
    },
    "91": {
        "latency_s": 6.438453743699938,
        "reward": 0.0
    },
    "51": {
        "latency_s": 6.609853159170598,
        "reward": 0.0
    },
    "54": {
        "latency_s": 6.656469386070967,
        "reward": 0.0
    },
    "82": {
        "latency_s": 6.6342361574061215,
        "reward": 0.0
    },
    "76": {
        "latency_s": 6.7519437447190285,
        "reward": 0.0
    },
    "84": {
        "latency_s": 6.785894488915801,
        "reward": 0.0
    },
    "78": {
        "latency_s": 6.85957046598196,
        "reward": 0.0
    },
    "79": {
        "latency_s": 6.913758669048548,
        "reward": 0.0
    }
}